first_name,last_name,email
Darren,Scammonden,dscammonden0@google.ru
Vaughan,Mullin,vmullin1@aboutads.info
Levey,Petit,lpetit2@unicef.org
Chrissy,Hollington,chollington3@domainmarket.com
Whitaker,Clyde,wclyde4@mozilla.org
Alan,Monketon,amonketon5@walmart.com
Powell,Conklin,pconklin6@howstuffworks.com
Sigfrid,Falloon,sfalloon7@ifeng.com
Terrie,Cleyburn,tcleyburn8@bbc.co.uk
Romy,Carnson,rcarnson9@prnewswire.com
Rebekah,Greep,rgreepa@eepurl.com
Broddy,Webland,bweblandb@squarespace.com
Rebbecca,Canti,rcantic@cbsnews.com
Pattie,Braney,pbraneyd@cdbaby.com
Joane,Lorenzini,jlorenzinie@engadget.com
Lorinda,Mowles,lmowlesf@fda.gov
Wake,McGillivray,wmcgillivrayg@dion.ne.jp
Jammal,Trewhella,jtrewhellah@prweb.com
Elaina,Hinken,ehinkeni@stanford.edu
Mattie,Perse,mpersej@boston.com
Colas,Steenson,csteensonk@arstechnica.com
Damaris,Diche,ddichel@nytimes.com
Simonette,Seden,ssedenm@wikispaces.com
Ardene,Ensten,aenstenn@gizmodo.com
Jerrome,Crampsy,jcrampsyo@usa.gov
Averil,Pifford,apiffordp@bluehost.com
Cornela,Gerhts,cgerhtsq@vistaprint.com
Herschel,Sandels,hsandelsr@hexun.com
Neda,Ren,nrens@unblog.fr
Pierson,Scarlin,pscarlint@facebook.com
Odey,Kitchinghan,okitchinghanu@dion.ne.jp
Liane,Nickell,lnickellv@fotki.com
Laurice,Regi,lregiw@people.com.cn
Jeddy,Kiljan,jkiljanx@shinystat.com
Birdie,Broadbury,bbroadburyy@guardian.co.uk
Dimitri,Gourlay,dgourlayz@constantcontact.com
Hannie,Jachimiak,hjachimiak10@deviantart.com
Jay,Devorill,jdevorill11@techcrunch.com
Olenolin,Braysher,obraysher12@github.com
Jennette,Wardale,jwardale13@webeden.co.uk
Kathy,Grainger,kgrainger14@artisteer.com
Dorelia,Gair,dgair15@goo.ne.jp
Derwin,Self,dself16@netlog.com
Anne-corinne,Bediss,abediss17@nifty.com
Armstrong,Pietersma,apietersma18@ftc.gov
Willabella,Olivello,wolivello19@hexun.com
Abigael,Annakin,aannakin1a@shutterfly.com
Gerhardt,Stoffers,gstoffers1b@nbcnews.com
Melonie,Kubiak,mkubiak1c@foxnews.com
Alene,Stebbins,astebbins1d@nationalgeographic.com
Joelynn,Grishukhin,jgrishukhin1e@admin.ch
Margaretha,Lowdeane,mlowdeane1f@gnu.org
Shaun,Baseggio,sbaseggio1g@eepurl.com
Leelah,Rudeyeard,lrudeyeard1h@ca.gov
Inigo,Wallice,iwallice1i@sciencedirect.com
Daisie,Oake,doake1j@imgur.com
Robinia,Shirtliff,rshirtliff1k@drupal.org
Emilia,Cheney,echeney1l@devhub.com
Nicolis,Forster,nforster1m@imgur.com
Garrot,Eton,geton1n@g.co
Colas,Marden,cmarden1o@comcast.net
Jemmy,Ingleby,jingleby1p@google.co.uk
Sheila-kathryn,Hedditch,shedditch1q@acquirethisname.com
Salvador,Marklund,smarklund1r@si.edu
Michelina,McIlwaine,mmcilwaine1s@boston.com
Michal,Ghio,mghio1t@seattletimes.com
Heather,Nolli,hnolli1u@twitpic.com
Hayyim,Espinho,hespinho1v@cmu.edu
Rosette,Ackrill,rackrill1w@flickr.com
Ward,Silburn,wsilburn1x@noaa.gov
Dayna,Tome,dtome1y@uol.com.br
Far,Yeliashev,fyeliashev1z@economist.com
Mindy,Leal,mleal20@trellian.com
Elfie,Allcock,eallcock21@sogou.com
Valentia,Loughman,vloughman22@census.gov
Isador,Pooke,ipooke23@cdc.gov
Caldwell,Lloyd-Williams,clloydwilliams24@cbc.ca
Jeannine,Boote,jboote25@intel.com
Reena,Pablos,rpablos26@microsoft.com
Hazel,Vasilmanov,hvasilmanov27@youtube.com
Lotta,Bein,lbein28@booking.com
Daisey,Andor,dandor29@dailymail.co.uk
Perl,Lloyd,plloyd2a@washington.edu
Jerrilee,Rowcastle,jrowcastle2b@amazonaws.com
Frasco,Shrive,fshrive2c@msn.com
Hermia,Lynd,hlynd2d@surveymonkey.com
Belia,Noto,bnoto2e@ucla.edu
Janna,Dumberell,jdumberell2f@edublogs.org
Mandi,Schaben,mschaben2g@howstuffworks.com
Myer,Teck,mteck2h@zimbio.com
Hally,Naptin,hnaptin2i@hibu.com
Mendy,Jemison,mjemison2j@imdb.com
Aubrie,Fidian,afidian2k@youtube.com
Ellene,Juszczak,ejuszczak2l@purevolume.com
Flo,Lockner,flockner2m@unblog.fr
Morie,Winson,mwinson2n@abc.net.au
Jud,Barratt,jbarratt2o@eventbrite.com
Micheline,Lemm,mlemm2p@nhs.uk
Lucien,Juza,ljuza2q@earthlink.net
Beck,Bagnold,bbagnold2r@google.com.br
