"first_name";"last_name";"email"
"Roman";"Bayer-Thompson";"Roman84@hotmail.com"
"Janet";"Daniel";"Janet47@gmail.com"
"Jeff";"Hickle";"Jeff_Hickle17@yahoo.com"
"Edna";"Murray";"Edna.Murray92@hotmail.com"
"Marjorie";"Quitzon";"Marjorie_Quitzon@yahoo.com"
"Martha";"Ziemann";"Martha.Ziemann65@hotmail.com"
"Darrell";"Torphy";"Darrell_Torphy@gmail.com"
"Rolando";"Reynolds";"Rolando35@yahoo.com"
"Virgil";"Morar";"Virgil98@hotmail.com"
"Sergio";"Schmeler";"Sergio.Schmeler@gmail.com"
"Beth";"Terry";"Beth96@yahoo.com"
"Ryan";"Okuneva";"Ryan.Okuneva9@hotmail.com"
"Oliver";"Walsh";"Oliver.Walsh25@gmail.com"
"Gretchen";"Bauch";"Gretchen.Bauch@gmail.com"
"Lynne";"Douglas";"Lynne_Douglas56@gmail.com"
"Beth";"McKenzie";"Beth.McKenzie@hotmail.com"
"Omar";"Kunze";"Omar_Kunze@yahoo.com"
"Dana";"Roob";"Dana61@gmail.com"
"Kenneth";"Reynolds";"Kenneth78@hotmail.com"
"Corey";"Huel";"Corey18@yahoo.com"
"Drew";"Parisian";"Drew.Parisian18@gmail.com"
"Laura";"O'Connell-Carroll";"Laura.OConnell-Carroll44@yahoo.com"
"Jean";"Swift";"Jean22@hotmail.com"
"Sonya";"Toy";"Sonya_Toy24@yahoo.com"
"Jermaine";"Muller";"Jermaine_Muller@gmail.com"
"Phyllis";"Cartwright";"Phyllis.Cartwright44@gmail.com"
"Virgil";"Cruickshank";"Virgil.Cruickshank@yahoo.com"
"Raul";"Gibson";"Raul.Gibson53@gmail.com"
"Ben";"Shields";"Ben_Shields23@gmail.com"
"Doug";"Von";"Doug_Von@gmail.com"
"Louis";"Wilderman";"Louis.Wilderman@gmail.com"
"Norma";"Jacobi";"Norma.Jacobi@gmail.com"
"Gloria";"Hand";"Gloria19@hotmail.com"
"Stacey";"Feil";"Stacey.Feil@hotmail.com"
"Tasha";"Stokes";"Tasha56@gmail.com"
"Earl";"Gorczany";"Earl.Gorczany51@hotmail.com"
"Rufus";"Beier";"Rufus_Beier28@yahoo.com"
"Kevin";"Ebert";"Kevin15@yahoo.com"
"Katherine";"Torp";"Katherine_Torp66@gmail.com"
"Lewis";"Cummerata";"Lewis11@gmail.com"
"Raymond";"Skiles";"Raymond.Skiles@hotmail.com"
"Clifford";"Heaney";"Clifford89@gmail.com"
"Marion";"Hane";"Marion.Hane@hotmail.com"
"Diana";"Armstrong";"Diana.Armstrong@gmail.com"
"Marcus";"Murray";"Marcus.Murray62@hotmail.com"
"Joey";"Metz";"Joey.Metz57@gmail.com"
"Angie";"Weber";"Angie_Weber94@hotmail.com"
"Christina";"Legros";"Christina24@yahoo.com"
"Tabitha";"Deckow";"Tabitha.Deckow@gmail.com"
"Scott";"Schowalter";"Scott69@hotmail.com"
"Frederick";"Willms";"Frederick_Willms23@yahoo.com"
"Joseph";"Cummings";"Joseph79@gmail.com"
"Kara";"Bogisich-Halvorson";"Kara.Bogisich-Halvorson@yahoo.com"
"Mildred";"Jaskolski-Hartmann";"Mildred81@hotmail.com"
"Ramiro";"Mosciski";"Ramiro39@yahoo.com"
"Barbara";"Daniel";"Barbara_Daniel@gmail.com"
"Winston";"Goldner";"Winston_Goldner73@gmail.com"
"Georgia";"Veum";"Georgia.Veum@hotmail.com"
"Zachary";"Gerlach-Mohr";"Zachary37@yahoo.com"
"Floyd";"Runolfsdottir";"Floyd_Runolfsdottir3@gmail.com"
"Theodore";"Dach";"Theodore1@yahoo.com"
"Darlene";"Hettinger";"Darlene60@gmail.com"
"Cornelius";"Jacobson";"Cornelius_Jacobson@gmail.com"
"Noel";"Emard";"Noel2@gmail.com"
"Courtney";"Bradtke";"Courtney.Bradtke@gmail.com"
"Rogelio";"Wyman";"Rogelio95@yahoo.com"
"Evan";"Quigley";"Evan_Quigley@hotmail.com"
"Stephen";"Hilll";"Stephen_Hilll@gmail.com"
"Elijah";"Borer";"Elijah_Borer62@hotmail.com"
"Darrel";"Torphy";"Darrel20@gmail.com"
"Louis";"Lubowitz";"Louis_Lubowitz84@hotmail.com"
"Ashley";"VonRueden";"Ashley.VonRueden34@hotmail.com"
"Kurt";"Boehm";"Kurt_Boehm37@hotmail.com"
"Jeannie";"MacGyver";"Jeannie65@yahoo.com"
"Joseph";"Wisoky";"Joseph11@hotmail.com"
"Jody";"Treutel";"Jody_Treutel56@hotmail.com"
"Angel";"Cronin";"Angel56@hotmail.com"
"Wendell";"Purdy";"Wendell_Purdy76@gmail.com"
"Steve";"Harber";"Steve40@yahoo.com"
"Nina";"Shields";"Nina13@yahoo.com"
"Mary";"Swaniawski";"Mary82@yahoo.com"
"Luther";"Goodwin";"Luther_Goodwin@yahoo.com"
"Clara";"Champlin";"Clara.Champlin@hotmail.com"
"Tabitha";"VonRueden";"Tabitha.VonRueden25@yahoo.com"
"Colleen";"Skiles";"Colleen.Skiles49@yahoo.com"
"Amanda";"Frami";"Amanda_Frami37@yahoo.com"
"Tabitha";"Beahan";"Tabitha74@hotmail.com"
"Rogelio";"Barton";"Rogelio40@hotmail.com"
"Opal";"Romaguera";"Opal.Romaguera44@gmail.com"
"Angelica";"Hodkiewicz";"Angelica_Hodkiewicz@hotmail.com"
"Frankie";"Kuhn";"Frankie98@hotmail.com"
"George";"Block";"George46@gmail.com"
"Leslie";"Carter";"Leslie_Carter48@hotmail.com"
"Renee";"Lynch";"Renee_Lynch@gmail.com"
"Melissa";"Berge";"Melissa.Berge@yahoo.com"
"Allen";"Murphy";"Allen_Murphy@hotmail.com"
"Jacquelyn";"Pfeffer";"Jacquelyn_Pfeffer@gmail.com"
"Mary";"Koss";"Mary.Koss34@gmail.com"
"Marsha";"Armstrong";"Marsha51@hotmail.com"
"Claude";"Morissette";"Claude.Morissette84@gmail.com"